Tipo tabela,Segmento,Código do procedimento,Mnemônico,Descrição,Status do procedimento,Código tabela,Correlação TUSS,Descrição TUSS,Cobertura,Observação cobertura,Valor exame,Valor atualizado,Componente de preço,Quantidade CH,Unidade financeira,Valor unidade financeira,Porcentagem,Área Laboratorial Padrão,Área Laboratorial Exclusiva
1,1,352,AH5,17 ALFA OH PROGESTERONA [5 DOSAGENS VARIAVEIS],Ativo,129,,,S,,"12,07",,2 - CH,"10,05","0001 - R$ 1,00",1,100,Alvaro,
1,1,725,CET,CETONEMIA - PESQUISA,Ativo,1122,,,S,,"2,01",,2 - CH,"2,01","0001 - R$ 1,00",1,100,Alvaro,
1,1,1376,AVMS,ACIDO VANIL MANDELICO [URINA ISOLADA],Ativo,151,,,S,,"12,56",,2 - CH,"12,56","0001 - R$ 1,00",1,100,Alvaro,
1,1,27,LAC,ÁCIDO LÁTICO - LACTATO [SANGUE EDTA],Ativo,146,,,S,,"9,04",,2 - CH,"9,04","0001 - R$ 1,00",1,100,Bioquimica,
1,1,198,PCR,PROTEINA C REATIVA - PCR,Ativo,1228,,,NC,,,,2 - CH,60,"0001 - R$ 1,00",1,100,Bioquimica,
1,1,56,LAC2,ÁCIDO LÁTICO - LACTATO [SANGUE TOTAL HEPARINA],Ativo,146,,,S,,"9,04",,2 - CH,"9,04","0001 - R$ 1,00",1,100,Bioquimica Manual,
1,1,821,CQD,CITOLOGIA DE LIQUIDO PERITONIAL,Ativo,28555663,,,S,,"37,75",,2 - CH,"37,75","0001 - R$ 1,00",1,100,Citologia,
1,1,822,CTZ,CITOLOGIA DE TZANCK,Ativo,1210,,,S,,"4,54",,2 - CH,"4,54","0001 - R$ 1,00",1,100,Citologia,
1,1,830,CIP,CITOLOGIA - LIQUIDO PLEURAL,Ativo,27877777,,,S,,"34,32",,2 - CH,"34,32","0001 - R$ 1,00",1,100,Citologia,
1,1,841,PCN,PESQUISA DE CELULA NEOPLASICA,Ativo,28100433,,,S,,20,,2 - CH,20,"0001 - R$ 1,00",1,100,Citologia,
1,1,4,ALD,ALDOLASE [SORO],Ativo,158,,,S,,"10,05",,2 - CH,"10,05","0001 - R$ 1,00",1,100,Db - Diagnostico do brasil,
1,1,58,IGA,IGA - IMUNOGLOBULINA A,Ativo,1189,,,S,,"29,15",,2 - CH,"29,15","0001 - R$ 1,00",1,100,Db - Diagnostico do brasil,
1,1,59,IGG,IGG - IMUNOGLOBULINA G,Ativo,28060628,,,S,,"29,15",,2 - CH,"29,15","0001 - R$ 1,00",1,100,Db - Diagnostico do brasil,
1,1,60,IGM,IGM - IMUNOGLOBULINA M,Ativo,28020611,,,S,,"29,15",,2 - CH,"29,15","0001 - R$ 1,00",1,100,Db - Diagnostico do brasil,
1,1,62,C3,COMPLEMENTO C3,Ativo,1107,,,S,,"11,56",,2 - CH,"11,56","0001 - R$ 1,00",1,100,Db - Diagnostico do brasil,
1,1,63,C4,COMPLEMENTO C4,Ativo,1108,,,S,,18,,2 - CH,18,"0001 - R$ 1,00",1,100,Db - Diagnostico do brasil,
1,1,76,PTS,PROTEINA S FUNCIONAL [SANGUE],Ativo,28180461,,,S,,90,,2 - CH,90,"0001 - R$ 1,00",1,100,Db - Diagnostico do brasil,
1,1,106,AAU,ANTIGENO AUSTRALIA - HBS AG [SORO],Ativo,28060210,,,NC,,,,2 - CH,14,"0001 - R$ 1,00",1,100,Db - Diagnostico do brasil,
1,1,110,C25,CA 125 [SORO],Ativo,1109,,,S,,18,,2 - CH,18,"0001 - R$ 1,00",1,100,Db - Diagnostico do brasil,
1,1,113,DAL,CARDIOLIPINA IGG - ANTICORPOS [SORO],Ativo,1116,,,S,,"28,64",,2 - CH,"28,64","0001 - R$ 1,00",1,100,Db - Diagnostico do brasil,
1,1,114,ADL,CARDIOLIPINA IGM - ANTICORPOS [SORO],Ativo,1116,,,S,,"28,64",,2 - CH,"28,64","0001 - R$ 1,00",1,100,Db - Diagnostico do brasil,
1,1,162,IGE,IMUNOGLOBULINA IgE TOTAL,Ativo,1187,,,S,,"14,07",,2 - CH,"14,07","0001 - R$ 1,00",1,100,Db - Diagnostico do brasil,
1,1,189,BRU,BRUCELOSE [SORO],Ativo,1103,,,S,,"11,56",,2 - CH,"11,56","0001 - R$ 1,00",1,100,Db - Diagnostico do brasil,
1,1,200,WAR,WALLER ROSE,Ativo,28061012,,,S,,"9,55",,2 - CH,"9,55","0001 - R$ 1,00",1,100,Db - Diagnostico do brasil,
1,1,202,WID,REACAO DE WIDAL,Ativo,28061039,,,S,,"15,08",,2 - CH,"15,08","0001 - R$ 1,00",1,100,Db - Diagnostico do brasil,
1,1,277,CBK,CULTURA DE BK,Ativo,28100581,,,S,,25,,2 - CH,25,"0001 - R$ 1,00",1,100,Db - Diagnostico do brasil,
1,1,292,CPF,CULTURA PARA FUNGOS,Ativo,28100662,,,S,,25,,2 - CH,25,"0001 - R$ 1,00",1,100,Db - Diagnostico do brasil,
1,1,348,OH1,17 ALFA HIDROXIPROGESTERONA,Ativo,122,,,S,,"12,07",,2 - CH,"12,07","0001 - R$ 1,00",1,100,Db - Diagnostico do brasil,
1,1,349,AH2,17 ALFA OH PROGESTERONA [2 DOSAGENS VARIAVEIS],Ativo,129,,,S,,"12,07",,2 - CH,"10,05","0001 - R$ 1,00",1,100,Db - Diagnostico do brasil,
1,1,350,AH3,17 ALFA OH PROGESTERONA [3 DOSAGENS VARIAVEIS],Ativo,129,,,S,,"12,07",,2 - CH,"10,05","0001 - R$ 1,00",1,100,Db - Diagnostico do brasil,
1,1,355,HIA,ACIDO 5 HIDROXI-INDOLACÉTICO [URINA 24 HORAS],Ativo,136,,,S,,"14,58",,2 - CH,"14,58","0001 - R$ 1,00",1,100,Db - Diagnostico do brasil,
1,1,356,ADM,ACIDO DELTA AMINOLEVULINICO - ALAU [AMOSTRA ISOLADA],Ativo,140,,,S,,"75,39",,2 - CH,"75,39","0001 - R$ 1,00",1,100,Db - Diagnostico do brasil,
1,1,357,ACH,ACIDO HIPURICO [AMOSTRA ISOLADA],Ativo,143,,,S,,"10,05",,2 - CH,"10,05","0001 - R$ 1,00",1,100,Db - Diagnostico do brasil,
1,1,359,ACM,ÁCIDO METIL HIPÚRICO [AMOSTRA ISOLADA],Ativo,148,,,S,,"10,55",,2 - CH,"10,55","0001 - R$ 1,00",1,100,Db - Diagnostico do brasil,
1,1,361,AOS,ÁCIDOS ORGÂNICOS [SORO],Ativo,1209,,,S,,"145,24",,2 - CH,"145,24","0001 - R$ 1,00",1,100,Db - Diagnostico do brasil,
1,1,373,GPA,ALFA 1 GLICOPROTEINA ÁCIDA [SORO],Ativo,162,,,S,,"11,56",,2 - CH,"11,56","0001 - R$ 1,00",1,100,Db - Diagnostico do brasil,
1,1,380,AND,ANDROSTENEDIONA [SORO],Ativo,167,,,S,,"10,05",,2 - CH,"10,05","0001 - R$ 1,00",1,100,Db - Diagnostico do brasil,
1,1,381,CCP,ANTI CCP (Cyclic Citrullinated Peptide),Ativo,1119,,,S,,"50,26",,2 - CH,"50,26","0001 - R$ 1,00",1,100,Db - Diagnostico do brasil,
1,1,385,RNP,ANTI - ENA PAINEL [SORO],Ativo,181,,,S,,25,,2 - CH,25,"0001 - R$ 1,00",1,100,Db - Diagnostico do brasil,
1,1,398,AAG,"GLIADINA IgA, ANTICORPOS ANTI [SORO]",Ativo,176,,,S,,40,,2 - CH,40,"0001 - R$ 1,00",1,100,Db - Diagnostico do brasil,
1,1,401,ATT,"TTG, ANTICORPOS ANTI-TRANSGLUTAMINASE TECIDUAL - IgG [SORO]",Ativo,28061233,,,S,,"36,69",,2 - CH,"36,69","0001 - R$ 1,00",1,100,Db - Diagnostico do brasil,
1,1,404,ACL,ANTICOAGULANTE LÚPICO [SANGUE],Ativo,169,,,S,,"27,14",,2 - CH,"27,14","0001 - R$ 1,00",1,100,Db - Diagnostico do brasil,
1,1,406,IAA,ANTICORPO ANTI INSULINA [SORO],Ativo,184,,,S,,"24,63",,2 - CH,"24,63","0001 - R$ 1,00",1,100,Db - Diagnostico do brasil,
1,1,414,AAC,ANTICORPOS ANTI CENTROMERO [SORO],Ativo,172,,,S,,"15,08",,2 - CH,"15,08","0001 - R$ 1,00",1,100,Db - Diagnostico do brasil,
1,1,425,APA,APOLIPOPROTEINA A,Ativo,194,,,S,,"12,56",,2 - CH,"12,56","0001 - R$ 1,00",1,100,Db - Diagnostico do brasil,
1,1,426,APB,APOLIPOPROTEINA B,Ativo,195,,,S,,"24,12",,2 - CH,"24,12","0001 - R$ 1,00",1,100,Db - Diagnostico do brasil,
1,1,445,CER,CERULOPLASMINA [SORO],Ativo,1121,,,S,,18,,2 - CH,18,"0001 - R$ 1,00",1,100,Db - Diagnostico do brasil,
1,1,453,COU,COBRE [URINA DE 24HS],Ativo,1134,,,S,,"14,58",,2 - CH,"14,58","0001 - R$ 1,00",1,100,Db - Diagnostico do brasil,
1,1,454,COS,COBRE [SORO],Ativo,28010485,,,S,,"13,25",,2 - CH,"13,25","0001 - R$ 1,00",1,100,Db - Diagnostico do brasil,
1,1,455,CSE,COLINESTERASE PLASMATICA,Ativo,1135,,,S,,"8,55",,2 - CH,"8,55","0001 - R$ 1,00",1,100,Db - Diagnostico do brasil,
1,1,464,CRG,CRIOGLOBULINAS - PESQUISA,Ativo,1217,,,S,,"5,03",,2 - CH,"5,03","0001 - R$ 1,00",1,100,Db - Diagnostico do brasil,
1,1,467,CRC,"CARBOHIDRATOS, CROMATOGRAFIA [URINA]",Ativo,1143,,,S,,30,,2 - CH,30,"0001 - R$ 1,00",1,100,Db - Diagnostico do brasil,
1,1,474,DHI,DEHIDROTESTOSTERONA [SORO],Ativo,1146,,,S,,"14,58",,2 - CH,"14,58","0001 - R$ 1,00",1,100,Db - Diagnostico do brasil,
1,1,475,DHT,DEHIDROEPIANDROSTERONA [SORO],Ativo,1147,,,S,,"18,6",,2 - CH,"18,6","0001 - R$ 1,00",1,100,Db - Diagnostico do brasil,
1,1,478,ELL,ELETROFORESE DE PROTEÍNAS [LIQUOR],Ativo,1157,,,S,,35,,2 - CH,35,"0001 - R$ 1,00",1,100,Db - Diagnostico do brasil,
1,1,479,EPR,ELETROFORESE DE PROTEINAS [SORO],Ativo,1158,,,S,,"24,12",,2 - CH,"24,12","0001 - R$ 1,00",1,100,Db - Diagnostico do brasil,
1,1,498,FIB,FIBRINOGÊNIO [SANGUE],Ativo,1166,,,S,,"15,08",,2 - CH,"15,08","0001 - R$ 1,00",1,100,Db - Diagnostico do brasil,
1,1,502,ATF,"TREPONEMA PALLIDUM, PESQUISA DE ANTICORPOS IgG [SORO]",Ativo,1171,,,S,,"25,14",,2 - CH,"25,14","0001 - R$ 1,00",1,100,Db - Diagnostico do brasil,
1,1,503,FTA,TREPONEMA IgM (IMUNOFLUORESCÊNCIA) [SORO],Ativo,1171,,,S,,"25,14",,2 - CH,"25,14","0001 - R$ 1,00",1,100,Db - Diagnostico do brasil,
1,1,508,HGL,HAPTOGLOBINA,Ativo,1177,,,S,,"14,58",,2 - CH,"14,58","0001 - R$ 1,00",1,100,Db - Diagnostico do brasil,
1,1,537,OSP,OSMOLALIDADE SÉRICA [SORO],Ativo,1203,,,S,,"5,03",,2 - CH,"5,03","0001 - R$ 1,00",1,100,Db - Diagnostico do brasil,
1,1,543,PEP,PEPTIDEO-C,Ativo,1208,,,S,,"15,08",,2 - CH,"15,08","0001 - R$ 1,00",1,100,Db - Diagnostico do brasil,
1,1,545,HLA,PESQUISA DE HLA (B/27),Ativo,190,,,S,,60,,2 - CH,60,"0001 - R$ 1,00",1,100,Db - Diagnostico do brasil,
1,1,549,DPS,PROTEINA S TOTAL,Ativo,28021231,,,S,,90,,2 - CH,90,"0001 - R$ 1,00",1,100,Db - Diagnostico do brasil,
1,1,712,ANG,3 - ALFA ANDROSTANEDIOL GLUCURONIDE,Ativo,28050959,,,S,,"26,04",,2 - CH,"26,04","0001 - R$ 1,00",1,100,Db - Diagnostico do brasil,
1,1,721,CBX,CARBOXIHEMOGLOBINA [SANGUE TOTAL],Ativo,1115,,,S,,"19,6",,2 - CH,"19,6","0001 - R$ 1,00",1,100,Db - Diagnostico do brasil,
1,1,736,EIM,TRIAGEM URINÁRIA MÍNIMA PARA ERROS INATOS [URINA ISOLADA],Ativo,28130189,,,S,,"54,83",,2 - CH,"54,83","0001 - R$ 1,00",1,100,Db - Diagnostico do brasil,
1,1,762,LSH,LEISHMANIOSE,Ativo,28061551,,,S,,"10,05",,2 - CH,"10,05","0001 - R$ 1,00",1,100,Db - Diagnostico do brasil,
1,1,775,OSM,OSMOLALIDADE [URINA ISOLADA],Ativo,1203,,,S,,"5,03",,2 - CH,"5,03","0001 - R$ 1,00",1,100,Db - Diagnostico do brasil,
1,1,816,RPC,PROTEINA C RESISTENCIA ATIVADA,Ativo,1233,,,S,,"150,78",,2 - CH,"150,78","0001 - R$ 1,00",1,100,Db - Diagnostico do brasil,
1,1,922,AGG,GLIADINA IGG (GLUTEN) - ANTICORPOS ANTI,Ativo,176,,,S,,40,,2 - CH,40,"0001 - R$ 1,00",1,100,Db - Diagnostico do brasil,
1,1,929,ATP,ALFA-1-ANTITRIPSINA FECAL,Ativo,160,,,S,,"19,6",,2 - CH,"19,6","0001 - R$ 1,00",1,100,Db - Diagnostico do brasil,
1,1,962,CTA,CISTATINA C,Ativo,1128,,,S,,"35,18",,2 - CH,"35,18","0001 - R$ 1,00",1,100,Db - Diagnostico do brasil,
1,1,995,HPN,HIDROXIPROLINA [URINA 24 HORAS],Ativo,1182,,,S,,"19,6",,2 - CH,"19,6","0001 - R$ 1,00",1,100,Db - Diagnostico do brasil,
1,1,1001,IMU,ELETROFORESE DE IMUNOGLOBULINAS IMUNOFIXACAO [SORO],Ativo,1188,,,S,,48,,2 - CH,48,"0001 - R$ 1,00",1,100,Db - Diagnostico do brasil,
1,1,1067,CTE,ACETILCOLINESTERASE ERITROCITÁRIA,Ativo,1135,,,S,,"8,55",,2 - CH,"8,55","0001 - R$ 1,00",1,100,Db - Diagnostico do brasil,
1,1,1118,AEN,"ENDOMISIO IgA, ANTICORPOS ANTI",Ativo,175,,,S,,40,,2 - CH,40,"0001 - R$ 1,00",1,100,Db - Diagnostico do brasil,
1,1,1122,AGB,"GLIADINA IgM, ANTICORPOS ANTI",Ativo,176,,,S,,40,,2 - CH,40,"0001 - R$ 1,00",1,100,Db - Diagnostico do brasil,
1,1,1161,FTL,TREPONEMA IgG (IMUNOFLUORESCENCIA) [LIQUOR],Ativo,1171,,,S,,"25,14",,2 - CH,"25,14","0001 - R$ 1,00",1,100,Db - Diagnostico do brasil,
1,1,1229,CPF2,CULTURA DE FUNGOS 2ª AMOSTRA,Ativo,28100662,,,S,,25,,2 - CH,25,"0001 - R$ 1,00",1,100,Db - Diagnostico do brasil,
1,1,1289,FNL,ACIDO FENILGLIOXILICO [URINA ISOLADA],Ativo,141,,,S,,"12,56",,2 - CH,"12,56","0001 - R$ 1,00",1,100,Db - Diagnostico do brasil,
1,1,1305,HPV2,HPV-CAPTURA HIBRIDA [2],Ativo,1185,,,S,,"90,46",,2 - CH,"90,46","0001 - R$ 1,00",1,100,Db - Diagnostico do brasil,
1,1,1306,HPV3,HPV-CAPTURA HIBRIDA [3],Ativo,1185,,,S,,"90,46",,2 - CH,"90,46","0001 - R$ 1,00",1,100,Db - Diagnostico do brasil,
1,1,1354,CPF3,CULTURA DE FUNGOS 3ª AMOSTRA,Ativo,28100662,,,S,,25,,2 - CH,25,"0001 - R$ 1,00",1,100,Db - Diagnostico do brasil,
1,1,1391,CBK2,CULTURA DE BK (2ª AMOSTRA),Ativo,28100581,,,S,,25,,2 - CH,25,"0001 - R$ 1,00",1,100,Db - Diagnostico do brasil,
1,1,1392,CBK3,CULTURA DE BK (3ª AMOSTRA),Ativo,28100581,,,S,,25,,2 - CH,25,"0001 - R$ 1,00",1,100,Db - Diagnostico do brasil,
1,1,1493,CPF4,CULTURA DE FUNGOS 4ª AMOSTRA,Ativo,28100662,,,S,,25,,2 - CH,25,"0001 - R$ 1,00",1,100,Db - Diagnostico do brasil,
1,1,68,DGN,DIMERO-D,Ativo,1151,,,S,,"71,87",,2 - CH,"71,87","0001 - R$ 1,00",1,100,Hematologia II,
1,1,16,LUC24,CORTISOL LIVRE [URINA 24 HORAS],Ativo,1140,,,S,,"14,58",,2 - CH,"14,58","0001 - R$ 1,00",1,100,Hermes Pardini,
1,1,112,C15,CA 15-3 [SORO],Ativo,1110,,,S,,"19,6",,2 - CH,"19,6","0001 - R$ 1,00",1,100,Hermes Pardini,
1,1,354,ACR,"ACETILCOLINA, ANTICORPO LIGADOR DO RECEPTOR",Ativo,174,,,S,,"80,41",,2 - CH,"80,41","0001 - R$ 1,00",1,100,Hermes Pardini,
1,1,362,AOU,ÁCIDOS ORGÂNICOS [AMOSTRA ISOLADA],Ativo,1209,,,S,,"145,24",,2 - CH,"145,24","0001 - R$ 1,00",1,100,Hermes Pardini,
1,1,364,VAL,ÁCIDO VALPRÓICO - VALPROATO DE SÓDIO [SORO],Ativo,150,,,S,,"15,08",,2 - CH,"15,08","0001 - R$ 1,00",1,100,Hermes Pardini,
1,1,366,ACT,ACTH - HORMÔNIO ADRENOCORTICOTRÓFICO [SANGUE],Ativo,152,,,S,,"17,56",,2 - CH,"17,56","0001 - R$ 1,00",1,100,Hermes Pardini,
1,1,367,ADA,ADENOSINA DEAMINOSE ADA,Ativo,153,,,S,,28,,2 - CH,28,"0001 - R$ 1,00",1,100,Hermes Pardini,
1,1,370,ADS,ALDOSTERONA [SORO],Ativo,159,,,S,,"14,58",,2 - CH,"14,58","0001 - R$ 1,00",1,100,Hermes Pardini,
1,1,378,ACC,ANCA-C [SORO],Ativo,166,,,S,,"40,21",,2 - CH,"40,21","0001 - R$ 1,00",1,100,Hermes Pardini,
1,1,379,AAP,P - ANCA,Ativo,166,,,S,,"40,21",,2 - CH,"40,21","0001 - R$ 1,00",1,100,Hermes Pardini,
1,1,390,ANJ,"JO-1, AUTO ANTICORPOS ANTI [SORO]",Ativo,178,,,S,,"20,11",,2 - CH,"20,11","0001 - R$ 1,00",1,100,Hermes Pardini,
1,1,391,KLM,"LKM -1, ANTI [SORO]",Ativo,179,,,S,,25,,2 - CH,25,"0001 - R$ 1,00",1,100,Hermes Pardini,
1,1,393,SSA,"SSA/RO, AUTO ANTICORPOS ANTI [SORO]",Ativo,28061136,,,S,,25,,2 - CH,25,"0001 - R$ 1,00",1,100,Hermes Pardini,
1,1,394,SSB,"SSB/LA, AUTO ANTICORPOS ANTI",Ativo,28061144,,,S,,"18,6",,2 - CH,"18,6","0001 - R$ 1,00",1,100,Hermes Pardini,
1,1,397,AAD,"ENDOMISIO IgM, ANTICORPOS ANTI",Ativo,175,,,S,,40,,2 - CH,40,"0001 - R$ 1,00",1,100,Hermes Pardini,
1,1,411,AMS,"SM, AUTO ANTICORPOS ANTI [SORO]",Ativo,171,,,S,,"25,14",,2 - CH,"25,14","0001 - R$ 1,00",1,100,Hermes Pardini,
1,1,413,IML,"MÚSCULO LISO, ANTICORPOS ANTI ASMA [SORO]",Ativo,180,,,S,,25,,2 - CH,25,"0001 - R$ 1,00",1,100,Hermes Pardini,
1,1,417,SCL,ANTICORPOS ANTI SCL-70 [SORO],Ativo,170,,,S,,25,,2 - CH,25,"0001 - R$ 1,00",1,100,Hermes Pardini,
1,1,419,DNA,"DNA NATIVO, AUTO-ANTICORPOS ANTI [SORO]",Ativo,173,,,S,,20,,2 - CH,20,"0001 - R$ 1,00",1,100,Hermes Pardini,
1,1,422,AAM,ANTICORPOS ANTI-MITOCONDRIA [SORO],Ativo,185,,,S,,"14,58",,2 - CH,"14,58","0001 - R$ 1,00",1,100,Hermes Pardini,
1,1,424,ATB,ANTITROMBINA III [SANGUE],Ativo,193,,,S,,30,,2 - CH,30,"0001 - R$ 1,00",1,100,Hermes Pardini,
1,1,430,BES,BETA 2 MICROGLOBULINA [SORO],Ativo,199,,,S,,"29,66",,2 - CH,"29,66","0001 - R$ 1,00",1,100,Hermes Pardini,
1,1,434,CLC,CALCITONINA [SORO],Ativo,1112,,,S,,"19,6",,2 - CH,"19,6","0001 - R$ 1,00",1,100,Hermes Pardini,
1,1,438,CTC,CATECOLAMINAS - FRAÇÕES [SANGUE],Ativo,1117,,,S,,70,,2 - CH,70,"0001 - R$ 1,00",1,100,Hermes Pardini,
1,1,444,AVMU24,ACIDO VANIL MANDELICO [URINA 24 HORAS],Ativo,151,,,S,,"12,56",,2 - CH,"12,56","0001 - R$ 1,00",1,100,Hermes Pardini,
1,1,446,D19,LINFÓCITOS - TIPAGEM [SANGUE],Ativo,1242,,,S,,"42,22",,2 - CH,"42,22","0001 - R$ 1,00",1,100,Hermes Pardini,
1,1,457,CUQ,COMPLEMENTO C1q [SORO],Ativo,1104,,,S,,"50,26",,2 - CH,"50,26","0001 - R$ 1,00",1,100,Hermes Pardini,
1,1,458,C2,COMPLEMENTO SÉRICO C2 [SORO],Ativo,1106,,,S,,"44,73",,2 - CH,"44,73","0001 - R$ 1,00",1,100,Hermes Pardini,
1,1,460,DEC,COMPOSTO S 11 DESOXI-CORTISOL,Ativo,121,,,S,,"55,29",,2 - CH,"55,29","0001 - R$ 1,00",1,100,Hermes Pardini,
1,1,463,CAG,CRIOAGLUTININAS,Ativo,28060423,,,S,,"5,03",,2 - CH,"5,03","0001 - R$ 1,00",1,100,Hermes Pardini,
1,1,465,CMN,CROMATOGRAFIA DE AMINOACIDOS [AMOSTRA ISOLADA],Ativo,1145,,,S,,"69,86",,2 - CH,"69,86","0001 - R$ 1,00",1,100,Hermes Pardini,
1,1,466,CPP,"AMINOÁCIDOS, CROMATOGRAFIA QUANTITATIVA",Ativo,1145,,,S,,"69,86",,2 - CH,"69,86","0001 - R$ 1,00",1,100,Hermes Pardini,
1,1,477,ELF,ELETROFORESE DE HEMOGLOBINA [SANGUE],Ativo,1155,,,S,,30,,2 - CH,30,"0001 - R$ 1,00",1,100,Hermes Pardini,
1,1,481,ECA,ENZIMA CONVERSORA DA ANGIOTENSINA [SORO],Ativo,1159,,,S,,"40,21",,2 - CH,"40,21","0001 - R$ 1,00",1,100,Hermes Pardini,
1,1,482,EPC,ERITROPOIETINA,Ativo,1160,,,S,,"49,26",,2 - CH,"49,26","0001 - R$ 1,00",1,100,Hermes Pardini,
1,1,485,FAN,FATOR ANTI-NUCLEAR - FAN [SANGUE],Ativo,1161,,,S,,"15,8",,2 - CH,"15,8","0001 - R$ 1,00",1,100,Hermes Pardini,
1,1,496,FLL,FENILALANINA (PKU) [PKU + SANGUE],Ativo,1164,,,S,,"14,58",,2 - CH,"14,58","0001 - R$ 1,00",1,100,Hermes Pardini,
1,1,505,GST,GASTRINA,Ativo,1174,,,S,,"24,12",,2 - CH,"24,12","0001 - R$ 1,00",1,100,Hermes Pardini,
1,1,516,HNA,ANTICORPOS ANTI HISTONA / CROMATINA [SORO],Ativo,177,,,S,,"28,15",,2 - CH,"28,15","0001 - R$ 1,00",1,100,Hermes Pardini,
1,1,519,HMS,HOMOCISTEINA [SORO],Ativo,1183,,,S,,50,,2 - CH,50,"0001 - R$ 1,00",1,100,Hermes Pardini,
1,1,526,SSO,ISOAGLUTININAS [SORO + SANGUE EDTA],Ativo,28061217,,,S,,"13,25",,2 - CH,"13,25","0001 - R$ 1,00",1,100,Hermes Pardini,
1,1,529,LIT,LÍTIO [SORO],Ativo,28011112,,,S,,"10,05",,2 - CH,"10,05","0001 - R$ 1,00",1,100,Hermes Pardini,
1,1,540,OXC,OXCARBAZEPINA [SORO],Ativo,1205,,,S,,"30,15",,2 - CH,"30,15","0001 - R$ 1,00",1,100,Hermes Pardini,
1,1,544,PFF,PERFIL DO FAN,Ativo,1162,,,S,,80,,2 - CH,80,"0001 - R$ 1,00",1,100,Hermes Pardini,
1,1,547,DPC,PROTEINA C FUNCIONAL,Ativo,1228,,,S,,60,,2 - CH,60,"0001 - R$ 1,00",1,100,Hermes Pardini,
1,1,551,REN,ATIVIDADE PLASMATICA DA RENINA,Ativo,28050509,,,S,,"30,15",,2 - CH,"30,15","0001 - R$ 1,00",1,100,Hermes Pardini,
1,1,556,CAXG,CAXUMBA - Anticorpos IgG,Ativo,1118,,,S,,"40,21",,2 - CH,"40,21","0001 - R$ 1,00",1,100,Hermes Pardini,
1,1,559,SAR,"SOROLOGIA SARAMPO (IgG,IgM)",Ativo,28060920,,,S,,"40,21",,2 - CH,"40,21","0001 - R$ 1,00",1,100,Hermes Pardini,
1,1,569,HUD,"HERPES I E II, PCR [LIQUOR]",Ativo,1181,,,S,,"145,75",,2 - CH,"145,75","0001 - R$ 1,00",1,100,Hermes Pardini,
1,1,573,TIR,TIROSINA [SANGUE],Ativo,28666546,,,S,,"12,56",,2 - CH,"12,56","0001 - R$ 1,00",1,100,Hermes Pardini,
1,1,576,TPS,ALFA 1 ANTI TRIPISINA [SORO],Ativo,28010221,,,S,,"12,56",,2 - CH,"12,56","0001 - R$ 1,00",1,100,Hermes Pardini,
1,1,577,TPF,PESQUISA PARA TRIPSINA FECAL,Ativo,28121433,,,S,,"29,15",,2 - CH,"29,15","0001 - R$ 1,00",1,100,Hermes Pardini,
1,1,701,C17,17 CETOSTEROIDES NEUTROS TOTAIS [URINA 24 HORAS],Ativo,28100213,,,S,,"10,05",,2 - CH,"10,05","0001 - R$ 1,00",1,100,Hermes Pardini,
1,1,706,AHG,ÁCIDO HOMOGENTÍSICO [URINA AMOSTRA ISOLADA],Ativo,144,,,S,,"10,05",,2 - CH,"10,05","0001 - R$ 1,00",1,100,Hermes Pardini,
1,1,707,ACV,ÁCIDO HOMOVANÍLICO [URINA 24 HORAS],Ativo,145,,,S,,"16,08",,2 - CH,"16,08","0001 - R$ 1,00",1,100,Hermes Pardini,
1,1,722,CTN,BETA CAROTENO [SORO],Ativo,1100,,,S,,"30,15",,2 - CH,"30,15","0001 - R$ 1,00",1,100,Hermes Pardini,
1,1,723,CGU,CATECOLAMINAS - FRAÇÕES [URINA 24 HORAS],Ativo,1117,,,S,,70,,2 - CH,70,"0001 - R$ 1,00",1,100,Hermes Pardini,
1,1,729,C50,COMPLEMENTO - CH-50,Ativo,1125,,,S,,23,,2 - CH,23,"0001 - R$ 1,00",1,100,Hermes Pardini,
1,1,734,DGS,DIGOXINA,Ativo,1150,,,S,,"14,58",,2 - CH,"14,58","0001 - R$ 1,00",1,100,Hermes Pardini,
1,1,743,FBA,FENOBARBITAL,Ativo,1165,,,S,,"14,58",,2 - CH,"14,58","0001 - R$ 1,00",1,100,Hermes Pardini,
1,1,746,GAL,GALACTOSE NEONATAL,Ativo,1173,,,S,,"19,1",,2 - CH,"19,1","0001 - R$ 1,00",1,100,Hermes Pardini,
1,1,751,HUD2,"HERPES I E II, PCR [SORO]",Ativo,1181,,,S,,"145,75",,2 - CH,"145,75","0001 - R$ 1,00",1,100,Hermes Pardini,
1,1,755,HDA,"2,5 HEXANODIONA URINÁRIO [URINA ISOLADA]",Ativo,28020622,,,S,,"25,14",,2 - CH,"25,14","0001 - R$ 1,00",1,100,Hermes Pardini,
1,1,760,LMT,"LAMOTRIGINA, DOSAGEM",Ativo,28595630,,,S,,"84,94",,2 - CH,"84,94","0001 - R$ 1,00",1,100,Hermes Pardini,
1,1,763,LEP,LEPTINA,Ativo,28051009,,,S,,"34,68",,2 - CH,"34,68","0001 - R$ 1,00",1,100,Hermes Pardini,
1,1,766,LIS,LISTERIOSE,Ativo,28060750,,,S,,"12,56",,2 - CH,"12,56","0001 - R$ 1,00",1,100,Hermes Pardini,
1,1,777,PON,PORFIRINAS - PESQUISA URINA 24 HORAS,Ativo,28110323,,,S,,"11,56",,2 - CH,"11,56","0001 - R$ 1,00",1,100,Hermes Pardini,
1,1,778,POR,PORFOBILINOGÊNIO QUANTITATIVO [URINA DE 24 HORAS],Ativo,28110544,,,S,,"11,56",,2 - CH,"11,56","0001 - R$ 1,00",1,100,Hermes Pardini,
1,1,779,IPN,PRO-INSULINA,Ativo,1227,,,S,,"35,18",,2 - CH,"35,18","0001 - R$ 1,00",1,100,Hermes Pardini,
1,1,783,SER,SEROTONINA TOTAL,Ativo,28020357,,,S,,"29,15",,2 - CH,"29,15","0001 - R$ 1,00",1,100,Hermes Pardini,
1,1,794,ACN,ACETONA [AMOSTRA ISOLADA],Ativo,1153,,,S,,"17,59",,2 - CH,"17,59","0001 - R$ 1,00",1,100,Hermes Pardini,
1,1,941,CAR,CARBAMAZEPINA,Ativo,1114,,,S,,"15,08",,2 - CH,"15,08","0001 - R$ 1,00",1,100,Hermes Pardini,
1,1,943,CCL,CICLOSPORINA,Ativo,1127,,,S,,"24,12",,2 - CH,"24,12","0001 - R$ 1,00",1,100,Hermes Pardini,
1,1,954,CIW,CISTICERCOSE - WEINBERG [SORO],Ativo,28061632,,,S,,25,,2 - CH,25,"0001 - R$ 1,00",1,100,Hermes Pardini,
1,1,958,CQ1,C1 INIBIDOR ESTERASE QUANTITATIVO,Ativo,1105,,,S,,"33,18",,2 - CH,"33,18","0001 - R$ 1,00",1,100,Hermes Pardini,
1,1,971,ELP,ELETROFORESE DE LIPOPROTEINA,Ativo,1156,,,S,,"18,1",,2 - CH,"18,1","0001 - R$ 1,00",1,100,Hermes Pardini,
1,1,978,FLS,FRUTOSE [ESPERMA],Ativo,1170,,,S,,"10,05",,2 - CH,"10,05","0001 - R$ 1,00",1,100,Hermes Pardini,
1,1,980,FNT,FENITOINA (DIFENILHIDANTOINA),Ativo,1149,,,S,,"14,58",,2 - CH,"14,58","0001 - R$ 1,00",1,100,Hermes Pardini,
1,1,1010,LDA,ANTICARDIOLIPINA - IGA,Ativo,182,,,S,,30,,2 - CH,30,"0001 - R$ 1,00",1,100,Hermes Pardini,
1,1,1027,PCS,PESQ. CRISTAIS LIQ. SINOVIA,Ativo,28080017,,,S,,"10,05",,2 - CH,"10,05","0001 - R$ 1,00",1,100,Hermes Pardini,
1,1,1032,PLC,"LEPTOSPIROSE,SOROLOGIA IgG",Ativo,28100409,,,S,,"30,15",,2 - CH,"30,15","0001 - R$ 1,00",1,100,Hermes Pardini,
1,1,1035,PRI,PRIMIDONA,Ativo,28011236,,,S,,"30,15",,2 - CH,"30,15","0001 - R$ 1,00",1,100,Hermes Pardini,
1,1,1044,SZC,CORPOS DE HEINZ - PESQUISA,Ativo,1214,,,S,,"5,03",,2 - CH,"5,03","0001 - R$ 1,00",1,100,Hermes Pardini,
1,1,1060,VTA,VITAMINA A (RETINOL BIDING),Ativo,28011724,,,S,,"44,73",,2 - CH,"44,73","0001 - R$ 1,00",1,100,Hermes Pardini,
1,1,1062,VTE,VITAMINA E,Ativo,28101331,,,S,,"42,22",,2 - CH,"42,22","0001 - R$ 1,00",1,100,Hermes Pardini,
1,1,1121,AAN,ENDOMISIO IgG - ANTICORPOS ANTI,Ativo,175,,,S,,40,,2 - CH,40,"0001 - R$ 1,00",1,100,Hermes Pardini,
1,1,1131,PLC2,"LEPTOSPIROSE,SOROLOGIA IgM",Ativo,28100409,,,S,,"30,15",,2 - CH,"30,15","0001 - R$ 1,00",1,100,Hermes Pardini,
1,1,1220,HPVP,HPV - PARAFINA,Ativo,1185,,,S,,"90,46",,2 - CH,"90,46","0001 - R$ 1,00",1,100,Hermes Pardini,
1,1,1311,COP2,COPROPORFIRINAS - PESQUISA [URINA 24 HORAS],Ativo,1137,,,S,,"14,07",,2 - CH,"14,07","0001 - R$ 1,00",1,100,Hermes Pardini,
1,1,1330,CLBZ,CLOBAZAM,Ativo,1132,,,S,,"34,18",,2 - CH,"34,18","0001 - R$ 1,00",1,100,Hermes Pardini,
1,1,1373,CAXM,CAXUMBA - Anticorpos IgM,Ativo,1118,,,S,,"40,21",,2 - CH,"40,21","0001 - R$ 1,00",1,100,Hermes Pardini,
1,1,1449,C1F,C1 INIBIDOR ESTERASE FUNCIONAL,Ativo,1105,,,S,,"33,18",,2 - CH,"33,18","0001 - R$ 1,00",1,100,Hermes Pardini,
1,1,102,ACF,ÁCIDO FÓLICO [SORO],Ativo,142,,,S,,"R$ 18,00",,2 - CH,18,"0001 - R$ 1,00",1,100,Hormonios,
1,1,103,ALF,ALFA-FETOPROTEINA [SORO],Ativo,163,,,S,,"R$ 20,00",,2 - CH,20,"0001 - R$ 1,00",1,100,Hormonios,
1,1,111,C19,CA 19-9 [SORO],Ativo,1111,,,S,,"R$ 19,60",,2 - CH,"19,6","0001 - R$ 1,00",1,100,Hormonios,
1,1,115,CEA,CEA,Ativo,188,,,S,,"R$ 20,00",,2 - CH,20,"0001 - R$ 1,00",1,100,Hormonios,
1,1,118,COA,CORTISOL VESPERTINO [SORO],Ativo,1139,,,S,,"R$ 19,80",,2 - CH,"19,8","0001 - R$ 1,00",1,100,Hormonios,
1,1,119,COD,CORTISOL APÓS DEXAMETAZONA,Ativo,1139,,,S,,"R$ 19,80",,2 - CH,"19,8","0001 - R$ 1,00",1,100,Hormonios,
1,1,120,COB,CORTISOL BASAL [SORO],Ativo,1139,,,S,,"R$ 19,80",,2 - CH,"19,8","0001 - R$ 1,00",1,100,Hormonios,
1,1,141,DHE,DHEA-SULFATO DE DEHIDROEPIANDROSTERONA [SORO],Ativo,1146,,,S,,"R$ 14,58",,2 - CH,"14,58","0001 - R$ 1,00",1,100,Hormonios,
1,1,143,EPG,EPSTEIN BAAR VIRUS - IGG [SORO],Ativo,183,,,S,,"R$ 40,21",,2 - CH,"40,21","0001 - R$ 1,00",1,100,Hormonios,
1,1,144,EPM,EPSTEIN BAAR VIRUS - IgM [SORO],Ativo,183,,,S,,"R$ 40,21",,2 - CH,"40,21","0001 - R$ 1,00",1,100,Hormonios,
1,1,151,HVA,HEPATITE A ANTI HVA IGG,Ativo,28060105,,,S,,"R$ 18,40",,2 - CH,"18,4","0001 - R$ 1,00",1,100,Hormonios,
1,1,152,HVG,HEPATITE A ANTI HVA IGM,Ativo,28060113,,,S,,"R$ 23,80",,2 - CH,"23,8","0001 - R$ 1,00",1,100,Hormonios,
1,1,153,BCG,HEPATITE B ANTI-HBC IgG,Ativo,28060067,,,S,,"R$ 13,00",,2 - CH,13,"0001 - R$ 1,00",1,100,Hormonios,
1,1,154,HBC,HEPATITE B ANTI-HBC IgM,Ativo,28060068,,,S,,"R$ 17,00",,2 - CH,17,"0001 - R$ 1,00",1,100,Hormonios,
1,1,157,HVC,HEPATITE C ANTI HCV,Ativo,28061659,,,NC,,,,2 - CH,"24,9","0001 - R$ 1,00",1,100,Hormonios,
1,1,159,HSG,HERPES SIMPLES TIPO I - II (IgG),Ativo,1180,,,S,,"R$ 35,18",,2 - CH,"35,18","0001 - R$ 1,00",1,100,Hormonios,
1,1,160,HSM,HERPES SIMPLES TIPO I - II (IgM),Ativo,1180,,,S,,"R$ 35,18",,2 - CH,"35,18","0001 - R$ 1,00",1,100,Hormonios,
1,1,161,HIV,HIV I e II,Ativo,28061691,,,NC,,,,2 - CH,47,"0001 - R$ 1,00",1,100,Hormonios,
1,1,165,PTH,PARATORMONIO (PTH) - INTACTO,Ativo,1206,,,S,,"R$ 28,00",,2 - CH,28,"0001 - R$ 1,00",1,100,Hormonios,
1,1,175,SOM,SOMATOMEDINA (IGF1),Ativo,28050797,,,S,,"R$ 24,12",,2 - CH,"24,12","0001 - R$ 1,00",1,100,Hormonios,
1,1,185,B12,VITAMINA B12 [SORO],Ativo,28011449,,,S,,"R$ 21,62",,2 - CH,"21,62","0001 - R$ 1,00",1,100,Hormonios,
1,1,186,RPI,INSULINA POS-PRANDIAL,Ativo,28050355,,,S,,"R$ 15,08",,2 - CH,"15,08","0001 - R$ 1,00",1,100,Hormonios,
1,1,222,CORT2,CORTISOL APÓS CORTROSINA [2 DOSAGENS VARIAVEIS],Ativo,1139,,,S,,"R$ 39,60",,2 - CH,"19,8","0001 - R$ 1,00",1,100,Hormonios,
1,1,223,CORT3,CORTISOL APÓS CORTROSINA [3 DOSAGENS VARIAVEIS],Ativo,1139,,,S,,"R$ 19,80",,2 - CH,"19,8","0001 - R$ 1,00",1,100,Hormonios,
1,1,224,CORT4,CORTISOL APÓS CORTROSINA [4 DOSAGENS VARIAVEIS],Ativo,1139,,,S,,"R$ 19,80",,2 - CH,"19,8","0001 - R$ 1,00",1,100,Hormonios,
1,1,225,CORT5,CORTISOL APÓS CORTROSINA [5 DOSAGENS VARIAVEIS],Ativo,1139,,,S,,"R$ 19,80",,2 - CH,"19,8","0001 - R$ 1,00",1,100,Hormonios,
1,1,246,CORTI4,TESTE DE ESTÍMULO DO CORTISOL APOS INSULINA [4 DOSAGENS VARIAVEIS],Ativo,1139,,,S,,"R$ 79,20",,2 - CH,"19,8","0001 - R$ 1,00",1,100,Hormonios,
1,1,305,CORTI3,TESTE DE ESTÍMULO DO CORTISOL APÓS INSULINA [3 DOSAGENS VARIAVEIS],Ativo,1139,,,S,,"R$ 59,40",,2 - CH,"19,8","0001 - R$ 1,00",1,100,Hormonios,
1,1,376,CORTI5,TESTE DE ESTÍMULO DO CORTISOL APÓS INSULINA [5 DOSAGENS VARIAVEIS],Ativo,1139,,,S,,"R$ 99,00",,2 - CH,"19,8","0001 - R$ 1,00",1,100,Hormonios,
1,1,388,CORTI2,TESTE DE ESTÍMULO DO CORTISOL APOS INSULINA [2 DOSAGENS VARIAVEIS],Ativo,1139,,,S,,"R$ 39,60",,2 - CH,"19,8","0001 - R$ 1,00",1,100,Hormonios,
1,1,1181,INS,DOSAGEM DE INSULINA [SORO],Ativo,28050355,,,S,,"R$ 15,08",,2 - CH,"15,08","0001 - R$ 1,00",1,100,Hormonios,
1,1,1276,PFL,EPSTEIN BAAR VIRUS - IGG ANTICORPOS [LIQUOR],Ativo,183,,,S,,"R$ 40,21",,2 - CH,"40,21","0001 - R$ 1,00",1,100,Hormonios,
1,1,1277,ERL,EPSTEIN BAAR VIRUS - IgM Anticorpos [ LIQUOR],Ativo,183,,,S,,"R$ 40,21",,2 - CH,"40,21","0001 - R$ 1,00",1,100,Hormonios,
1,1,188,ASO,"ANTIESTREPTOLISINA ""O"" - ASO [SORO]",Ativo,28060180,,,NC,,,,2 - CH,"3,2","0001 - R$ 1,00",1,100,Imunologia,
1,1,211,LI2,ROTINA DO LIQUIDO ASCITICO,Ativo,28054642,,,S,,"37,75","37,75",2 - CH,"37,75","0001 - R$ 1,00",1,100,Liquidos Biologicos,
1,1,213,RLP,ROTINA DO LIQUIDO PLEURAL,Ativo,28090098,,,S,,"37,75","37,75",2 - CH,"37,75","0001 - R$ 1,00",1,100,Liquidos Biologicos,
1,1,214,RLS,ROTINA DO LIQUIDO SINOVIAL,Ativo,28090098,,,S,,"37,75","37,75",2 - CH,"37,75","0001 - R$ 1,00",1,100,Liquidos Biologicos,
1,1,215,LIQ,ROTINA DO LIQUOR,Ativo,28090098,,,S,,"37,75","37,75",2 - CH,"37,75","0001 - R$ 1,00",1,100,Liquidos Biologicos,
1,1,1156,RLI,ROTINA DO LIQUIDO DIVERSOS,Ativo,28090098,,,S,,"37,75","37,75",2 - CH,"37,75","0001 - R$ 1,00",1,100,Liquidos Biologicos,
1,1,1748,ALL,ÁCIDO LÁTICO - LACTATO [LIQUIDOS],Ativo,146,,,S,,"9,04","9,04",2 - CH,"9,04","0001 - R$ 1,00",1,100,Liquidos Biologicos,
1,1,1113,TSACSC,ANTIBIOGRAMA CONJUNTIVAL,Ativo,28100670,,,S,,"R$ 39,80","R$ 40,20",2 - CH,"39,8","0001 - R$ 1,00",1,100,Microbiologia,
1,1,1092,TSACSP,ANTIBIOGRAMA DIVERSOS 1ª AMOSTRA,Ativo,28100670,,,S,,"R$ 39,80","R$ 40,20",2 - CH,"39,8","0001 - R$ 1,00",1,100,Microbiologia,
1,1,1075,TSACP2,ANTIBIOGRAMA DIVERSOS 2ª AMOSTRA,Ativo,28100670,,,S,,"R$ 39,80","R$ 40,20",2 - CH,"39,8","0001 - R$ 1,00",1,100,Microbiologia,
1,1,1076,TSACP3,ANTIBIOGRAMA DIVERSOS 3ª AMOSTRA,Ativo,28100670,,,S,,"R$ 39,80","R$ 40,20",2 - CH,"39,8","0001 - R$ 1,00",1,100,Microbiologia,
1,1,1077,TSACP4,ANTIBIOGRAMA DIVERSOS 4ª AMOSTRA,Ativo,28100670,,,S,,"R$ 39,80","R$ 40,20",2 - CH,"39,8","0001 - R$ 1,00",1,100,Microbiologia,
1,1,1434,TSACP5,ANTIBIOGRAMA DIVERSOS 5ª AMOSTRA,Ativo,28100670,,,S,,"R$ 39,80","R$ 40,20",2 - CH,"39,8","0001 - R$ 1,00",1,100,Microbiologia,
1,1,1210,TSACLS,ANTIBIOGRAMA DO LIQUIDO ESPESSO,Ativo,28100670,,,S,,"R$ 39,80","R$ 40,20",2 - CH,"39,8","0001 - R$ 1,00",1,100,Microbiologia,
1,1,1073,TSACULE,ANTIBIOGRAMA ESCARRO,Ativo,28100670,,,S,,"R$ 39,80","R$ 40,20",2 - CH,"39,8","0001 - R$ 1,00",1,100,Microbiologia,
1,1,1083,TSACEP,ANTIBIOGRAMA ESPERMA,Ativo,28100670,,,S,,"R$ 39,80","R$ 40,20",2 - CH,"39,8","0001 - R$ 1,00",1,100,Microbiologia,
1,1,1084,TSACPR,ANTIBIOGRAMA FEZES,Ativo,28100670,,,S,,"R$ 39,80","R$ 40,20",2 - CH,"39,8","0001 - R$ 1,00",1,100,Microbiologia,
1,1,1102,TSAHEC,ANTIBIOGRAMA HEMOCULTURA,Ativo,28100670,,,S,,"R$ 39,80","R$ 40,20",2 - CH,"39,8","0001 - R$ 1,00",1,100,Microbiologia,
1,1,1103,TSAHCL,ANTIBIOGRAMA HEMOCULTURA 2ª AMOSTRA,Ativo,28100670,,,S,,"R$ 39,80","R$ 40,20",2 - CH,"39,8","0001 - R$ 1,00",1,100,Microbiologia,
1,1,1104,TSAHEC3,ANTIBIOGRAMA HEMOCULTURA 3ª AMOSTRA,Ativo,28100670,,,S,,"R$ 39,80","R$ 40,20",2 - CH,"39,8","0001 - R$ 1,00",1,100,Microbiologia,
1,1,1191,TSAHEC4,ANTIBIOGRAMA HEMOCULTURA 4ª AMOSTRA,Ativo,28100670,,,S,,"R$ 39,80","R$ 40,20",2 - CH,"39,8","0001 - R$ 1,00",1,100,Microbiologia,
1,1,1218,TSAHEC5,ANTIBIOGRAMA HEMOCULTURA 5ª AMOSTRA,Ativo,28100670,,,S,,"R$ 39,80","R$ 40,20",2 - CH,"39,8","0001 - R$ 1,00",1,100,Microbiologia,
1,1,1664,TSAHCAE,ANTIBIOGRAMA HEMOCULTURA AEROBICA,Ativo,28100670,,,S,,"R$ 39,80","R$ 40,20",2 - CH,"39,8","0001 - R$ 1,00",1,100,Microbiologia,
1,1,1670,TSAHC2AE,ANTIBIOGRAMA HEMOCULTURA AEROBICA,Ativo,28100670,,,S,,"R$ 39,80","R$ 40,20",2 - CH,"39,8","0001 - R$ 1,00",1,100,Microbiologia,
1,1,1666,TSAHCAN,ANTIBIOGRAMA HEMOCULTURA ANAEROBICA,Ativo,28100670,,,S,,"R$ 39,80","R$ 40,20",2 - CH,"39,8","0001 - R$ 1,00",1,100,Microbiologia,
1,1,1672,TSAHC2AN,ANTIBIOGRAMA HEMOCULTURA ANAEROBICA,Ativo,28100670,,,S,,"R$ 39,80","R$ 40,20",2 - CH,"39,8","0001 - R$ 1,00",1,100,Microbiologia,
1,1,1100,TSAHEMOF,ANTIBIOGRAMA HEMOCULTURA FUNGOS,Ativo,28100670,,,S,,"R$ 39,80","R$ 40,20",2 - CH,"39,8","0001 - R$ 1,00",1,100,Microbiologia,
1,1,1101,TSAHEMOM,ANTIBIOGRAMA HEMOCULTURA MICOBACTERIA,Ativo,28100670,,,S,,"R$ 39,80","R$ 40,20",2 - CH,"39,8","0001 - R$ 1,00",1,100,Microbiologia,
1,1,1093,TSACVL,ANTIBIOGRAMA LAVADO BRONQUICO,Ativo,28100670,,,S,,"R$ 39,80","R$ 40,20",2 - CH,"39,8","0001 - R$ 1,00",1,100,Microbiologia,
1,1,1099,TSACVLA,ANTIBIOGRAMA LAVADO BRONQUICO,Ativo,28100670,,,S,,"R$ 39,80","R$ 40,20",2 - CH,"39,8","0001 - R$ 1,00",1,100,Microbiologia,
1,1,1114,TSACLV,ANTIBIOGRAMA LESÕES VULVARES,Ativo,28100670,,,S,,"R$ 39,80","R$ 40,20",2 - CH,"39,8","0001 - R$ 1,00",1,100,Microbiologia,
1,1,1095,TSACUA,ANTIBIOGRAMA LIQUIDO ASCITICO,Ativo,28100670,,,S,,"R$ 39,80","R$ 40,20",2 - CH,"39,8","0001 - R$ 1,00",1,100,Microbiologia,
1,1,918,TSACLP,ANTIBIOGRAMA LIQUIDO PERICARDICO,Ativo,28100670,,,S,,"R$ 39,80","R$ 40,20",2 - CH,"39,8","0001 - R$ 1,00",1,100,Microbiologia,
1,1,1078,TSACUT,ANTIBIOGRAMA LIQUIDO PERITONEAL,Ativo,28100670,,,S,,"R$ 39,80","R$ 40,20",2 - CH,"39,8","0001 - R$ 1,00",1,100,Microbiologia,
1,1,1096,TSACUP,ANTIBIOGRAMA LIQUIDO PLEURAL,Ativo,28100670,,,S,,"R$ 39,80","R$ 40,20",2 - CH,"39,8","0001 - R$ 1,00",1,100,Microbiologia,
1,1,1097,TSACUS,ANTIBIOGRAMA LIQUIDO SINOVIAL,Ativo,28100670,,,S,,"R$ 39,80","R$ 40,20",2 - CH,"39,8","0001 - R$ 1,00",1,100,Microbiologia,
1,1,1094,TSACUL,ANTIBIOGRAMA LIQUOR,Ativo,28100670,,,S,,"R$ 39,80","R$ 40,20",2 - CH,"39,8","0001 - R$ 1,00",1,100,Microbiologia,
1,1,1085,TSACUO,ANTIBIOGRAMA OROFARINGE,Ativo,28100670,,,S,,"R$ 39,80","R$ 40,20",2 - CH,"39,8","0001 - R$ 1,00",1,100,Microbiologia,
1,1,1086,TSACST,ANTIBIOGRAMA PONTA DE CATETER,Ativo,28100670,,,S,,"R$ 39,80","R$ 40,20",2 - CH,"39,8","0001 - R$ 1,00",1,100,Microbiologia,
1,1,1087,TSACSO,ANTIBIOGRAMA SECREÇÃO DE OUVIDO,Ativo,28100670,,,S,,"R$ 39,80","R$ 40,20",2 - CH,"39,8","0001 - R$ 1,00",1,100,Microbiologia,
1,1,1079,TSACSD,ANTIBIOGRAMA SECREÇÃO ENDOCERVICAL,Ativo,28100670,,,S,,"R$ 39,80","R$ 40,20",2 - CH,"39,8","0001 - R$ 1,00",1,100,Microbiologia,
1,1,1088,TSACSN,ANTIBIOGRAMA SECREÇÃO NASAL,Ativo,28100670,,,S,,"R$ 39,80","R$ 40,20",2 - CH,"39,8","0001 - R$ 1,00",1,100,Microbiologia,
1,1,1089,TSACOC,ANTIBIOGRAMA SECREÇÃO OCULAR DIREITO,Ativo,28100670,,,S,,"R$ 39,80","R$ 40,20",2 - CH,"39,8","0001 - R$ 1,00",1,100,Microbiologia,
1,1,1072,TSACOCE,ANTIBIOGRAMA SECREÇÃO OCULAR ESQUERDO,Ativo,28100670,,,S,,"R$ 39,80","R$ 40,20",2 - CH,"39,8","0001 - R$ 1,00",1,100,Microbiologia,
1,1,1080,TSAPRT,ANTIBIOGRAMA SECREÇÃO PROSTATICA,Ativo,28100670,,,S,,"R$ 39,80","R$ 40,20",2 - CH,"39,8","0001 - R$ 1,00",1,100,Microbiologia,
1,1,1090,TSACTQ,ANTIBIOGRAMA SECREÇÃO TRAQUEAL,Ativo,28100670,,,S,,"R$ 39,80","R$ 40,20",2 - CH,"39,8","0001 - R$ 1,00",1,100,Microbiologia,
1,1,1098,TSACSU,ANTIBIOGRAMA SECREÇÃO URETRAL,Ativo,28100670,,,S,,"R$ 39,80","R$ 40,20",2 - CH,"39,8","0001 - R$ 1,00",1,100,Microbiologia,
1,1,1081,TSACSV,ANTIBIOGRAMA SECREÇÃO VAGINAL,Ativo,28100670,,,S,,"R$ 39,80","R$ 40,20",2 - CH,"39,8","0001 - R$ 1,00",1,100,Microbiologia,
1,1,1082,TSACVV,ANTIBIOGRAMA SECREÇÃO VULVAR,Ativo,28100670,,,S,,"R$ 39,80","R$ 40,20",2 - CH,"39,8","0001 - R$ 1,00",1,100,Microbiologia,
1,1,1180,TSAVLAR,ANTIBIOGRAMA TSA VLA [RETAL],Ativo,28100670,,,S,,"R$ 39,80","R$ 40,20",2 - CH,"39,8","0001 - R$ 1,00",1,100,Microbiologia,
1,1,1649,TSAVLAN,ANTIBIOGRAMA TSA VLAN [NASAL],Ativo,28100670,,,S,,"R$ 39,80","R$ 40,20",2 - CH,"39,8","0001 - R$ 1,00",1,100,Microbiologia,
1,1,1074,TSACUU1,ANTIBIOGRAMA URINA 1º JATO,Ativo,28100670,,,S,,"R$ 39,80","R$ 40,20",2 - CH,"39,8","0001 - R$ 1,00",1,100,Microbiologia,
1,1,1411,TSACUUF,ANTIBIOGRAMA URINA JATO FINAL,Ativo,28100670,,,S,,"R$ 39,80","R$ 40,20",2 - CH,"39,8","0001 - R$ 1,00",1,100,Microbiologia,
1,1,1091,TSACUU,ANTIBIOGRAMA URINA JATO MEDIO,Ativo,28100670,,,S,,"R$ 39,80","R$ 40,20",2 - CH,"39,8","0001 - R$ 1,00",1,100,Microbiologia,
1,1,221,BAARLP,BAAR - LIQUIDO PERICARDICO,Ativo,28100069,,,S,,"R$ 14,17","R$ 9,92",2 - CH,"14,17","0001 - R$ 1,00",1,100,Microbiologia,
1,1,260,BL3,BACTERIOSCOPIA - LIQUIDO ASCITICO,Ativo,12,,,S,,"R$ 14,17","R$ 9,92",2 - CH,"14,17","0001 - R$ 1,00",1,100,Microbiologia,
1,1,235,BACLP,BACTERIOSCOPIA - LIQUIDO PERICARDICO,Ativo,12,,,S,,"R$ 14,17","R$ 9,92",2 - CH,"14,17","0001 - R$ 1,00",1,100,Microbiologia,
1,1,258,BLP,BACTERIOSCOPIA - LIQUIDO PERITONEAL,Ativo,12,,,S,,"R$ 14,17","R$ 9,92",2 - CH,"14,17","0001 - R$ 1,00",1,100,Microbiologia,
1,1,259,BL2,BACTERIOSCOPIA - LIQUIDO PLEURAL,Ativo,12,,,S,,"R$ 14,17","R$ 9,92",2 - CH,"14,17","0001 - R$ 1,00",1,100,Microbiologia,
1,1,268,BCS,BACTERIOSCOPIA - LIQUIDO SINOVIAL,Ativo,12,,,S,,"R$ 14,17","R$ 9,92",2 - CH,"14,17","0001 - R$ 1,00",1,100,Microbiologia,
1,1,257,BAL,BACTERIOSCOPIA - LIQUOR,Ativo,12,,,S,,"R$ 14,17","R$ 9,92",2 - CH,"14,17","0001 - R$ 1,00",1,100,Microbiologia,
1,1,981,G_D,BACTERIOSCOPIA - OROFARINGE,Ativo,12,,,S,,"R$ 14,17","R$ 9,92",2 - CH,"14,17","0001 - R$ 1,00",1,100,Microbiologia,
1,1,265,BS2,BACTERIOSCOPIA - SECRECAO DE OUVIDO,Ativo,12,,,S,,"R$ 14,17","R$ 9,92",2 - CH,"14,17","0001 - R$ 1,00",1,100,Microbiologia,
1,1,264,BSO,BACTERIOSCOPIA - SECRECAO OCULAR DIREITO,Ativo,12,,,S,,"R$ 14,17","R$ 9,92",2 - CH,"14,17","0001 - R$ 1,00",1,100,Microbiologia,
1,1,226,BSOE,BACTERIOSCOPIA - SECRECAO OCULAR ESQUERDO,Ativo,12,,,S,,"R$ 14,17","R$ 9,92",2 - CH,"14,17","0001 - R$ 1,00",1,100,Microbiologia,
1,1,266,BVA,BACTERIOSCOPIA - SECRECAO VAGINAL,Ativo,12,,,S,,"R$ 14,17","R$ 9,92",2 - CH,"14,17","0001 - R$ 1,00",1,100,Microbiologia,
1,1,231,BATSV,BACTERIOSCOPIA - SECRECAO VULVAR,Ativo,12,,,S,,"R$ 14,17","R$ 9,92",2 - CH,"14,17","0001 - R$ 1,00",1,100,Microbiologia,
1,1,227,BAT2,BACTERIOSCOPIA [DIVERSOS 2a AMOSTRA],Ativo,12,,,S,,"R$ 14,17","R$ 9,92",2 - CH,"14,17","0001 - R$ 1,00",1,100,Microbiologia,
1,1,228,BAT3,BACTERIOSCOPIA [DIVERSOS 3a AMOSTRA],Ativo,12,,,S,,"R$ 14,17","R$ 9,92",2 - CH,"14,17","0001 - R$ 1,00",1,100,Microbiologia,
1,1,1431,BAT4,BACTERIOSCOPIA [DIVERSOS 4ª AMOSTRA],Ativo,12,,,S,,"R$ 14,17","R$ 9,92",2 - CH,"14,17","0001 - R$ 1,00",1,100,Microbiologia,
1,1,1432,BAT5,BACTERIOSCOPIA [DIVERSOS 5ª AMOSTRA],Ativo,12,,,S,,"R$ 14,17","R$ 9,92",2 - CH,"14,17","0001 - R$ 1,00",1,100,Microbiologia,
1,1,229,BAT,BACTERIOSCOPIA [DIVERSOS],Ativo,12,,,S,,"R$ 14,17","R$ 9,92",2 - CH,"14,17","0001 - R$ 1,00",1,100,Microbiologia,
1,1,220,BAU1,BACTERIOSCOPIA [URINA 1º JATO],Ativo,12,,,S,,"R$ 14,17","R$ 9,92",2 - CH,"14,17","0001 - R$ 1,00",1,100,Microbiologia,
1,1,261,BUR,BACTERIOSCOPIA [URINA JATO MEDIO],Ativo,12,,,S,,"R$ 14,17","R$ 9,92",2 - CH,"14,17","0001 - R$ 1,00",1,100,Microbiologia,
1,1,262,BST,BACTERIOSCOPIA DE SECRECAO TRAQUEAL,Ativo,12,,,S,,"R$ 14,17","R$ 9,92",2 - CH,"14,17","0001 - R$ 1,00",1,100,Microbiologia,
1,1,263,BSU,BACTERIOSCOPIA DE SECRECAO URETRAL,Ativo,12,,,S,,"R$ 14,17","R$ 9,92",2 - CH,"14,17","0001 - R$ 1,00",1,100,Microbiologia,
1,1,934,BLA,BACTERIOSCOPIA DE URINA,Ativo,12,,,S,,"R$ 14,17","R$ 9,92",2 - CH,"14,17","0001 - R$ 1,00",1,100,Microbiologia,
1,1,1236,BLCF,BACTERIOSCOPIA DO ASPIRADO,Ativo,12,,,S,,"R$ 14,17","R$ 9,92",2 - CH,"14,17","0001 - R$ 1,00",1,100,Microbiologia,
1,1,242,BACLB,BACTERIOSCOPIA DO LAVADO BRONQUICO,Ativo,12,,,S,,"R$ 14,17","R$ 9,92",2 - CH,"14,17","0001 - R$ 1,00",1,100,Microbiologia,
1,1,267,BEF,BACTERIOSCOPIA ENDOCERVICAL,Ativo,12,,,S,,"R$ 14,17","R$ 9,92",2 - CH,"14,17","0001 - R$ 1,00",1,100,Microbiologia,
1,1,239,CULE,CULTURA DE ESCARRO,Ativo,28100093,,,S,,"R$ 25,00","R$ 26,25",2 - CH,25,"0001 - R$ 1,00",1,100,Microbiologia,
1,1,278,CEP,CULTURA DE ESPERMA,Ativo,28100093,,,S,,"R$ 25,00","R$ 26,25",2 - CH,25,"0001 - R$ 1,00",1,100,Microbiologia,
1,1,279,CPR,CULTURA DE FEZES,Ativo,28100093,,,S,,"R$ 25,00","R$ 26,25",2 - CH,25,"0001 - R$ 1,00",1,100,Microbiologia,
1,1,956,CLV,CULTURA DE LESOES VULVARES,Ativo,28100093,,,S,,"R$ 25,00","R$ 26,25",2 - CH,25,"0001 - R$ 1,00",1,100,Microbiologia,
1,1,272,CUT,CULTURA DE LIQUIDO PERITONIAL,Ativo,28100662,,,S,,"R$ 25,00","R$ 26,25",2 - CH,25,"0001 - R$ 1,00",1,100,Microbiologia,
1,1,280,CUO,CULTURA DE OROFARINGE,Ativo,28100093,,,S,,"R$ 25,00","R$ 26,25",2 - CH,25,"0001 - R$ 1,00",1,100,Microbiologia,
1,1,281,CST,CULTURA DE PONTA DO CATETER,Ativo,28100662,,,S,,"R$ 25,00","R$ 26,25",2 - CH,25,"0001 - R$ 1,00",1,100,Microbiologia,
1,1,959,CSC,CULTURA DE SEC. CONJUTIVA,Ativo,28100093,,,S,,"R$ 25,00","R$ 26,25",2 - CH,25,"0001 - R$ 1,00",1,100,Microbiologia,
1,1,282,CSO,CULTURA DE SECRECAO DO OUVIDO,Ativo,28100093,,,S,,"R$ 25,00","R$ 26,25",2 - CH,25,"0001 - R$ 1,00",1,100,Microbiologia,
1,1,273,CSD,CULTURA DE SECRECAO ENDOCERVICAL,Ativo,28100093,,,S,,"R$ 25,00","R$ 26,25",2 - CH,25,"0001 - R$ 1,00",1,100,Microbiologia,
1,1,283,CSN,CULTURA DE SECRECAO NASAL,Ativo,28100662,,,S,,"R$ 25,00","R$ 26,25",2 - CH,25,"0001 - R$ 1,00",1,100,Microbiologia,
1,1,284,COC,CULTURA DE SECRECAO OCULAR DIREITO,Ativo,28100662,,,S,,"R$ 25,00","R$ 26,25",2 - CH,25,"0001 - R$ 1,00",1,100,Microbiologia,
1,1,240,COCE,CULTURA DE SECRECAO OCULAR ESQUERDO,Ativo,28100093,,,S,,"R$ 25,00","R$ 26,25",2 - CH,25,"0001 - R$ 1,00",1,100,Microbiologia,
1,1,274,PRT,CULTURA DE SECRECAO PROSTATICA,Ativo,28100093,,,S,,"R$ 25,00","R$ 26,25",2 - CH,25,"0001 - R$ 1,00",1,100,Microbiologia,
1,1,285,CTQ,CULTURA DE SECRECAO TRAQUEAL,Ativo,28100662,,,S,,"R$ 25,00","R$ 26,25",2 - CH,25,"0001 - R$ 1,00",1,100,Microbiologia,
1,1,297,CSU,CULTURA DE SECRECAO URETRAL,Ativo,28100662,,,S,,"R$ 25,00","R$ 26,25",2 - CH,25,"0001 - R$ 1,00",1,100,Microbiologia,
1,1,275,CSV,CULTURA DE SECRECAO VAGINAL,Ativo,28100093,,,S,,"R$ 25,00","R$ 26,25",2 - CH,25,"0001 - R$ 1,00",1,100,Microbiologia,
1,1,276,CVV,CULTURA DE SECRECAO VULVAR,Ativo,28100093,,,S,,"R$ 25,00","R$ 26,25",2 - CH,25,"0001 - R$ 1,00",1,100,Microbiologia,
1,1,241,CUU1,CULTURA DE URINA [URINA 1º JATO],Ativo,28100093,,,S,,"R$ 25,00","R$ 26,25",2 - CH,25,"0001 - R$ 1,00",1,100,Microbiologia,
1,1,1410,CUUF,CULTURA DE URINA [URINA JATO FINAL],Ativo,28100662,,,S,,"R$ 25,00","R$ 26,25",2 - CH,25,"0001 - R$ 1,00",1,100,Microbiologia,
1,1,287,CUU,CULTURA DE URINA [URINA JATO MEDIO],Ativo,28100662,,,S,,"R$ 25,00","R$ 26,25",2 - CH,25,"0001 - R$ 1,00",1,100,Microbiologia,
1,1,1648,VLAN,CULTURA DE VIGILÂNCIA [NASAL],Ativo,116,,,S,,"R$ 50,00","R$ 52,50",2 - CH,50,"0001 - R$ 1,00",1,100,Microbiologia,
1,1,1178,VLAR,CULTURA DE VIGILÂNCIA [RETAL],Ativo,116,,,S,,"R$ 50,00","R$ 52,50",2 - CH,50,"0001 - R$ 1,00",1,100,Microbiologia,
1,1,910,CVLA,CULTURA DO ASPIRADO BRONQUICO,Ativo,28100093,,,S,,"R$ 25,00","R$ 26,25",2 - CH,25,"0001 - R$ 1,00",1,100,Microbiologia,
1,1,288,CVL,CULTURA DO LAVADO BRONQUICO,Ativo,28100662,,,S,,"R$ 25,00","R$ 26,25",2 - CH,25,"0001 - R$ 1,00",1,100,Microbiologia,
1,1,291,CUA,CULTURA DO LIQUIDO ASCITICO,Ativo,28100662,,,S,,"R$ 25,00","R$ 26,25",2 - CH,25,"0001 - R$ 1,00",1,100,Microbiologia,
1,1,1209,CLS,CULTURA DO LIQUIDO ESPESSO,Ativo,28100093,,,S,,"R$ 25,00","R$ 26,25",2 - CH,25,"0001 - R$ 1,00",1,100,Microbiologia,
1,1,232,CLP,CULTURA DO LIQUIDO PERICARDICO,Ativo,28100093,,,S,,"R$ 25,00","R$ 26,25",2 - CH,25,"0001 - R$ 1,00",1,100,Microbiologia,
1,1,293,CUP,CULTURA DO LIQUIDO PLEURAL,Ativo,28100662,,,S,,"R$ 25,00","R$ 26,25",2 - CH,25,"0001 - R$ 1,00",1,100,Microbiologia,
1,1,294,CUS,CULTURA DO LIQUIDO SINOVIAL,Ativo,28100662,,,S,,"R$ 25,00","R$ 26,25",2 - CH,25,"0001 - R$ 1,00",1,100,Microbiologia,
1,1,289,CUL,CULTURA DO LIQUOR,Ativo,28100662,,,S,,"R$ 25,00","R$ 26,25",2 - CH,25,"0001 - R$ 1,00",1,100,Microbiologia,
1,1,269,CP2,CULTURA GERAL [DIVERSOS 2ª AMOSTRA],Ativo,28100093,,,S,,"R$ 25,00","R$ 26,25",2 - CH,25,"0001 - R$ 1,00",1,100,Microbiologia,
1,1,270,CP3,CULTURA GERAL [DIVERSOS 3a AMOSTRA],Ativo,28100093,,,S,,"R$ 25,00","R$ 26,25",2 - CH,25,"0001 - R$ 1,00",1,100,Microbiologia,
1,1,271,CP4,CULTURA GERAL [DIVERSOS 4a AMOSTRA],Ativo,28100093,,,S,,"R$ 25,00","R$ 26,25",2 - CH,25,"0001 - R$ 1,00",1,100,Microbiologia,
1,1,1433,CP5,CULTURA GERAL [DIVERSOS 5a AMOSTRA],Ativo,28100093,,,S,,"R$ 25,00","R$ 26,25",2 - CH,25,"0001 - R$ 1,00",1,100,Microbiologia,
1,1,286,CSP,CULTURA GERAL [DIVERSOS],Ativo,28100662,,,S,,"R$ 25,00","R$ 26,25",2 - CH,25,"0001 - R$ 1,00",1,100,Microbiologia,
1,1,972,EPF,FUNGOS - ESCARRO,Ativo,28100069,,,S,,"R$ 12,56","R$ 13,19",2 - CH,"12,56","0001 - R$ 1,00",1,100,Microbiologia,
1,1,1030,PFP,FUNGOS - LIQUIDO PLEURAL,Ativo,28665445,,,S,,"R$ 12,56","R$ 13,19",2 - CH,"12,56","0001 - R$ 1,00",1,100,Microbiologia,
1,1,300,HEC,HEMOCULTURA [SANGUE],Ativo,28100298,,,S,,"R$ 34,80","R$ 36,54",2 - CH,"34,8","0001 - R$ 1,00",1,100,Microbiologia,
1,1,1673,HC2AN,HEMOCULTURA ANAEROBICA [SANGUE 2ª],Ativo,28100298,,,S,,"R$ 34,80","R$ 36,54",2 - CH,"34,8","0001 - R$ 1,00",1,100,Microbiologia,
1,1,301,HEC2,HEMOCULTURA [SANGUE 2ª AMOSTRA],Ativo,28100298,,,S,,"R$ 34,80","R$ 36,54",2 - CH,"34,8","0001 - R$ 1,00",1,100,Microbiologia,
1,1,302,HEC3,HEMOCULTURA [SANGUE 3ª AMOSTRA],Ativo,28100298,,,S,,"R$ 34,80","R$ 36,54",2 - CH,"34,8","0001 - R$ 1,00",1,100,Microbiologia,
1,1,1190,HEC4,HEMOCULTURA [SANGUE 4ª AMOSTRA],Ativo,28100298,,,S,,"R$ 34,80","R$ 36,54",2 - CH,"34,8","0001 - R$ 1,00",1,100,Microbiologia,
1,1,1217,HEC5,HEMOCULTURA [SANGUE 5ª AMOSTRA],Ativo,28100298,,,S,,"R$ 34,80","R$ 36,54",2 - CH,"34,8","0001 - R$ 1,00",1,100,Microbiologia,
1,1,1671,HC2AE,HEMOCULTURA AEROBICA [SANGUE 2ª],Ativo,28100298,,,S,,"R$ 34,80","R$ 36,54",2 - CH,"34,8","0001 - R$ 1,00",1,100,Microbiologia,
1,1,1665,HCAE,HEMOCULTURA AEROBICA [SANGUE],Ativo,28100298,,,S,,"R$ 34,80","R$ 36,54",2 - CH,"34,8","0001 - R$ 1,00",1,100,Microbiologia,
1,1,1667,HCAN,HEMOCULTURA ANAEROBICA [SANGUE],Ativo,28100298,,,S,,"R$ 34,80","R$ 36,54",2 - CH,"34,8","0001 - R$ 1,00",1,100,Microbiologia,
1,1,236,PBS2,PESQUISA DE BAAR [DIVERSOS 2a AMOSTRA],Ativo,28100069,,,S,,"R$ 14,17","R$ 11,34",2 - CH,"14,17","0001 - R$ 1,00",1,100,Microbiologia,
1,1,233,PBS3,PESQUISA DE BAAR [DIVERSOS 3a AMOSTRA],Ativo,28100069,,,S,,"R$ 14,17","R$ 11,34",2 - CH,"14,17","0001 - R$ 1,00",1,100,Microbiologia,
1,1,255,PBS,PESQUISA DE BAAR [SECRECAO DIVERSOS],Ativo,28100069,,,S,,"R$ 14,17","R$ 11,34",2 - CH,"14,17","0001 - R$ 1,00",1,100,Microbiologia,
1,1,911,LLBA,PESQUISA DE BAAR - ASPIRADO BRONQUICO,Ativo,28100069,,,S,,"R$ 14,17","R$ 11,34",2 - CH,"14,17","0001 - R$ 1,00",1,100,Microbiologia,
1,1,247,LLB,PESQUISA DE BAAR - LAVADO BRONQUICO,Ativo,28100063,,,S,,"R$ 14,17","R$ 11,34",2 - CH,"14,17","0001 - R$ 1,00",1,100,Microbiologia,
1,1,248,LINFA,PESQUISA DE BAAR - LINFA,Ativo,28100093,,,S,,"R$ 1,00",,2 - CH,1,"0001 - R$ 1,00",1,100,Microbiologia,
1,1,249,LAS,PESQUISA DE BAAR - LIQUIDO ASCITICO,Ativo,28100069,,,S,,"R$ 14,17","R$ 11,34",2 - CH,"14,17","0001 - R$ 1,00",1,100,Microbiologia,
1,1,252,PBX,PESQUISA DE BAAR - LIQUIDO PERITONEAL,Ativo,28100069,,,S,,"R$ 14,17","R$ 11,34",2 - CH,"14,17","0001 - R$ 1,00",1,100,Microbiologia,
1,1,250,LPE,PESQUISA DE BAAR - LIQUIDO PLEURAL,Ativo,28100069,,,S,,"R$ 14,17","R$ 11,34",2 - CH,"14,17","0001 - R$ 1,00",1,100,Microbiologia,
1,1,251,LSI,PESQUISA DE BAAR - LIQUIDO SINOVIAL,Ativo,28100069,,,S,,"R$ 14,17","R$ 11,34",2 - CH,"14,17","0001 - R$ 1,00",1,100,Microbiologia,
1,1,253,PBL,PESQUISA DE BAAR - LIQUOR,Ativo,28100069,,,S,,"R$ 14,17","R$ 11,34",2 - CH,"14,17","0001 - R$ 1,00",1,100,Microbiologia,
1,1,256,BAR,PESQUISA DE BAAR [DIVERSOS],Ativo,28100069,,,S,,"R$ 14,17","R$ 11,34",2 - CH,"14,17","0001 - R$ 1,00",1,100,Microbiologia,
1,1,908,BAAR2,PESQUISA DE BAAR [ESCARRO 2a AMOSTRA],Ativo,28100069,,,S,,"R$ 14,17","R$ 11,34",2 - CH,"14,17","0001 - R$ 1,00",1,100,Microbiologia,
1,1,909,BAAR3,PESQUISA DE BAAR [ESCARRO 3a AMOSTRA],Ativo,28100069,,,S,,"R$ 14,17","R$ 11,34",2 - CH,"14,17","0001 - R$ 1,00",1,100,Microbiologia,
1,1,254,PBU,PESQUISA DE BAAR [URINA JATO MEDIO],Ativo,28100069,,,S,,"R$ 14,17","R$ 11,34",2 - CH,"14,17","0001 - R$ 1,00",1,100,Microbiologia,
1,1,977,FLB,PESQUISA DE FUNGOS - LAVADO BRONQUICO,Ativo,28100069,,,S,,"R$ 12,56","R$ 10,05",2 - CH,"12,56","0001 - R$ 1,00",1,100,Microbiologia,
1,1,290,FDI2,PESQUISA DE FUNGOS [DIVERSOS 2a AMOSTRA],Ativo,28100069,,,S,,"R$ 12,56","R$ 10,05",2 - CH,"12,56","0001 - R$ 1,00",1,100,Microbiologia,
1,1,234,FDI3,PESQUISA DE FUNGOS [DIVERSOS 3a AMOSTRA],Ativo,28100069,,,S,,"R$ 12,56","R$ 10,05",2 - CH,"12,56","0001 - R$ 1,00",1,100,Microbiologia,
1,1,299,FDI,PESQUISA DE FUNGOS [GRAM],Ativo,28100069,,,S,,"R$ 12,56","R$ 10,05",2 - CH,"12,56","0001 - R$ 1,00",1,100,Microbiologia,
1,1,306,PTR,PESQUISA DE TRICHOMONAS,Ativo,28100069,,,S,,"R$ 14,17","R$ 11,34",2 - CH,"14,17","0001 - R$ 1,00",1,100,Microbiologia,
1,1,298,LCF,PESQUISA DIRETA PARA CRYPTOCOCCUS,Ativo,28100069,,,S,,"R$ 12,56","R$ 10,05",2 - CH,"12,56","0001 - R$ 1,00",1,100,Microbiologia,
1,1,98,MIE,MIELOGRAMA [MEDULA],Ativo,28040554,,,NC,,,,2 - CH,"247,82","0001 - R$ 1,00",1,100,Mielograma,
1,1,307,PGN,PESQUISA DE GORDURA NAS FEZES 1ª AMOSTRA,Ativo,1175,,,S,,"11,56","11,56",2 - CH,"11,56","0001 - R$ 1,00",1,100,Parasitologia,
1,1,316,PSR,PESQUISA DE SUBST. REDUTORAS NAS FEZES,Ativo,28030249,,,S,,"9,14","9,14",2 - CH,"9,14","0001 - R$ 1,00",1,100,Parasitologia,
1,1,319,PSO,PESQUISA DE SANGUE OCULTO NAS FEZES,Ativo,28030176,,,S,,"12,56","12,56",2 - CH,"12,56","0001 - R$ 1,00",1,100,Parasitologia,
1,1,1148,PSO2,PESQUISA DE SANGUE OCULTO NAS FEZES 2ª AMOSTRA,Ativo,28030176,,,S,,"12,56","12,56",2 - CH,"12,56","0001 - R$ 1,00",1,100,Parasitologia,
1,1,1149,PSO3,PESQUISA DE SANGUE OCULTO NAS FEZES 3ª AMOSTRA,Ativo,28030176,,,S,,"12,56","12,56",2 - CH,"12,56","0001 - R$ 1,00",1,100,Parasitologia,
1,1,1242,PSR2,PESQUISA DE SUBST. REDUTORAS NAS FEZES 2ª AMOSTRA,Ativo,28030249,,,S,,"9,14","9,14",2 - CH,"9,14","0001 - R$ 1,00",1,100,Parasitologia,
1,1,1243,PSR3,PESQUISA DE SUBST. REDUTORAS NAS FEZES 3ª AMOSTRA,Ativo,28030249,,,S,,"9,14","9,14",2 - CH,"9,14","0001 - R$ 1,00",1,100,Parasitologia,
1,1,1508,PGN2,PESQUISA DE GORDURA NAS FEZES 2ª AMOSTRA,Ativo,1175,,,S,,"11,56","11,56",2 - CH,"11,56","0001 - R$ 1,00",1,100,Parasitologia,
1,1,1509,PGN3,PESQUISA DE GORDURA NAS FEZES 3ª AMOSTRA,Ativo,1175,,,S,,"11,56","11,56",2 - CH,"11,56","0001 - R$ 1,00",1,100,Parasitologia,
1,1,194,MCR24,MICROALBUMINURIA [URINA 24 HORAS],Ativo,28130456,,,S,,"16,08","16,08",2 - CH,"16,08","0001 - R$ 1,00",1,100,Urina Diversos,
1,1,195,MCF,MICROALBUMINURIA [URINA ISOLADA],Ativo,1254879999,,,S,,"16,08","16,08",2 - CH,"16,08","0001 - R$ 1,00",1,100,Urina Diversos,
1,1,331,CEU,CETONURIA,Ativo,1123,,,S,,"5,03","5,03",2 - CH,"5,03","0001 - R$ 1,00",1,100,Urina Diversos,
1,1,340,PBJ,PROTEINA DE BENCE JONES [URINA ISOLADA],Ativo,28130332,,,S,,"10,05","10,05",2 - CH,"10,05","0001 - R$ 1,00",1,100,Urina Diversos,
1,1,321,DIS,DISMORFISMO ERITROCITARIO,Ativo,1152,,,S,,"10,05","9,045",2 - CH,"10,05","0001 - R$ 1,00",1,100,Urinalise,
1,1,325,URI,SUMÁRIO DE URINA,Ativo,28130367,,,NC,,,,2 - CH,13,"0001 - R$ 1,00",1,100,Urinalise,